<resources><color name="md_theme_light_primary">#2D6C00</color><color name="md_theme_light_onPrimary">#FFFFFF</color><color name="md_theme_light_primaryContainer">#ADF681</color><color name="md_theme_light_onPrimaryContainer">#062100</color><color name="md_theme_light_secondary">#55624B</color><color name="md_theme_light_onSecondary">#FFFFFF</color><color name="md_theme_light_secondaryContainer">#D9E8CA</color><color name="md_theme_light_onSecondaryContainer">#141E0D</color><color name="md_theme_light_tertiary">#396666</color><color name="md_theme_light_onTertiary">#FFFFFF</color><color name="md_theme_light_tertiaryContainer">#BBEBEB</color><color name="md_theme_light_onTertiaryContainer">#002020</color><color name="md_theme_light_error">#BA1B1B</color><color name="md_theme_light_errorContainer">#FFDAD4</color><color name="md_theme_light_onError">#FFFFFF</color><color name="md_theme_light_onErrorContainer">#410001</color><color name="md_theme_light_background">#FDFDF5</color><color name="md_theme_light_onBackground">#1A1C18</color><color name="md_theme_light_surface">#FDFDF5</color><color name="md_theme_light_onSurface">#1A1C18</color><color name="md_theme_light_surfaceVariant">#DFE4D6</color><color name="md_theme_light_onSurfaceVariant">#43483E</color><color name="md_theme_light_outline">#74796D</color><color name="md_theme_light_inverseOnSurface">#F1F1EA</color><color name="md_theme_light_inverseSurface">#2F312C</color><color name="md_theme_light_inversePrimary">#92D968</color><color name="md_theme_light_shadow">#000000</color><color name="md_theme_light_primaryInverse">#92D968</color><color name="md_theme_dark_primary">#92D968</color><color name="md_theme_dark_onPrimary">#113800</color><color name="md_theme_dark_primaryContainer">#1C5200</color><color name="md_theme_dark_onPrimaryContainer">#ADF681</color><color name="md_theme_dark_secondary">#BDCBAF</color><color name="md_theme_dark_onSecondary">#283420</color><color name="md_theme_dark_secondaryContainer">#3E4A35</color><color name="md_theme_dark_onSecondaryContainer">#D9E8CA</color><color name="md_theme_dark_tertiary">#A0CFCF</color><color name="md_theme_dark_onTertiary">#003737</color><color name="md_theme_dark_tertiaryContainer">#1E4E4E</color><color name="md_theme_dark_onTertiaryContainer">#BBEBEB</color><color name="md_theme_dark_error">#FFB4A9</color><color name="md_theme_dark_errorContainer">#930006</color><color name="md_theme_dark_onError">#680003</color><color name="md_theme_dark_onErrorContainer">#FFDAD4</color><color name="md_theme_dark_background">#1A1C18</color><color name="md_theme_dark_onBackground">#E3E3DC</color><color name="md_theme_dark_surface">#1A1C18</color><color name="md_theme_dark_onSurface">#E3E3DC</color><color name="md_theme_dark_surfaceVariant">#43483E</color><color name="md_theme_dark_onSurfaceVariant">#C4C8BB</color><color name="md_theme_dark_outline">#8D9286</color><color name="md_theme_dark_inverseOnSurface">#1A1C18</color><color name="md_theme_dark_inverseSurface">#E3E3DC</color><color name="md_theme_dark_inversePrimary">#2D6C00</color><color name="md_theme_dark_shadow">#000000</color><color name="md_theme_dark_primaryInverse">#2D6C00</color><color name="seed">#2D6C00</color><color name="error">#BA1B1B</color></resources>